company,position,jobLocation,jobStatus,createdAt
Voonte,Quality Control Specialist,Teupasenti,interview,2022-11-19T11:23:21Z
Yodel,Nurse,Xinan,declined,2023-06-15T09:59:05Z
Zazio,Staff Accountant II,Changlong,interview,2023-06-06T18:31:35Z
Aivee,Nurse,Akat Amnuai,interview,2023-03-03T16:56:59Z
Latz,Data Coordinator,Chalon-sur-Saône,interview,2023-06-06T01:53:34Z
Twitterwire,Analog Circuit Design manager,Sudislavl’,interview,2023-08-02T09:46:55Z
Youspan,Web Developer I,Baopukang,pending,2023-10-03T16:16:26Z
Kwilith,Nurse Practicioner,Thị Trấn Quế,declined,2023-09-02T16:28:39Z
Avamba,Database Administrator II,Bhola,declined,2023-05-07T02:47:55Z
Youfeed,Account Representative IV,Morales,declined,2023-10-30T14:42:56Z
Skinix,Quality Control Specialist,Chixi,declined,2023-07-07T19:30:44Z
Kazio,Assistant Professor,Szklarska Poręba,declined,2022-12-26T13:02:50Z
Yadel,Community Outreach Specialist,Dome,declined,2023-08-08T18:10:34Z
Skippad,Structural Engineer,Los Cóndores,declined,2023-08-23T16:17:09Z
Zoomlounge,Account Executive,Guojiaba,declined,2023-03-27T00:27:42Z
Trunyx,Director of Sales,Gandoang,interview,2023-02-25T10:08:07Z
Mycat,Sales Associate,Kandangan,pending,2023-10-28T16:40:19Z
Realpoint,Tax Accountant,Dabbūrīya,interview,2023-09-25T00:38:08Z
Aimbo,VP Sales,Dve Mogili,pending,2023-04-04T03:13:05Z
Edgewire,Social Worker,Machico,pending,2023-07-02T19:29:36Z
Edgeclub,Administrative Assistant II,Ujung Gading,interview,2023-01-15T10:41:43Z
Skimia,Actuary,Gandiaye,declined,2023-10-25T15:18:30Z
Linklinks,Payment Adjustment Coordinator,Hongtu,pending,2023-10-26T20:05:31Z
Gigazoom,Research Assistant III,Isla Verde,interview,2023-05-23T21:12:47Z
Roombo,Accounting Assistant IV,Dudchany,declined,2023-03-08T01:27:11Z
Meevee,Civil Engineer,Albi,interview,2022-11-19T21:41:54Z
Zoomzone,Assistant Manager,Lianrao,declined,2023-05-16T19:56:16Z
Feednation,Marketing Assistant,Rasony,pending,2023-10-25T00:09:02Z
Twitterbeat,Professor,Kliwon Cibingbin,interview,2023-07-14T01:47:17Z
Camido,Structural Analysis Engineer,Prakhon Chai,pending,2022-12-28T12:44:48Z
Skiptube,Civil Engineer,San Antonio,declined,2023-06-11T04:00:10Z
Vidoo,Software Engineer I,Torrance,pending,2022-12-04T10:03:51Z
Riffpedia,Research Nurse,Sąspów,declined,2023-02-18T10:03:14Z
Skyba,Statistician I,Sūrīān,interview,2023-06-24T01:37:28Z
Agivu,Electrical Engineer,Bologna,pending,2022-12-16T05:49:18Z
Lazzy,Sales Associate,São Vicente de Ferreira,pending,2022-12-26T12:20:16Z
Dabjam,Social Worker,Urcos,pending,2023-10-12T00:12:38Z
Devpulse,Geological Engineer,Oslo,declined,2023-07-02T06:50:09Z
Brightbean,Actuary,Krzyżowice,declined,2023-01-25T07:24:26Z
Katz,Business Systems Development Analyst,Nang Rong,interview,2023-04-06T07:37:25Z
Eidel,Health Coach III,Privlaka,pending,2023-05-17T13:44:58Z
Photojam,Clinical Specialist,La Poma,declined,2023-02-06T04:17:01Z
Digitube,Assistant Media Planner,Echeng,pending,2023-01-29T05:52:20Z
Plambee,Staff Accountant II,Papatowai,declined,2023-01-02T03:41:16Z
Yadel,VP Sales,Palilula,declined,2023-05-02T16:32:18Z
Trunyx,Teacher,Sandefjord,declined,2023-11-09T19:45:44Z
Skaboo,Electrical Engineer,Krasiczyn,pending,2023-10-17T00:46:31Z
Vitz,Senior Quality Engineer,Mojosari,declined,2022-11-20T13:57:27Z
Youbridge,Environmental Tech,Santo Tomas,interview,2023-07-04T21:15:36Z
Edgetag,Technical Writer,Nankou,interview,2023-05-31T16:44:13Z
Gabcube,Professor,Nanggorak,interview,2023-11-15T22:20:55Z
Browsetype,Health Coach III,Ulapes,interview,2023-11-07T05:00:13Z
Brainverse,Financial Analyst,Weiyuan,interview,2023-06-13T09:18:36Z
Linklinks,Analyst Programmer,Frolovo,interview,2023-07-22T18:59:16Z
Podcat,Budget/Accounting Analyst IV,Dillenburg,pending,2023-09-02T00:24:38Z
Quaxo,Design Engineer,Paris 19,declined,2023-06-02T15:43:32Z
Npath,Data Coordinator,Thị Trấn Nghèn,pending,2023-10-08T18:37:17Z
Feednation,Research Nurse,Ōkawa,interview,2022-12-28T22:24:16Z
Tagtune,Administrative Assistant II,Tabuk,declined,2023-04-22T16:34:59Z
Agimba,Quality Engineer,Zhiryatino,declined,2023-07-29T01:13:59Z
Oyonder,Design Engineer,Geita,declined,2023-05-29T13:21:23Z
Blogspan,Programmer I,Pupiales,interview,2023-01-07T00:10:44Z
Youspan,Sales Representative,Zhangpu,interview,2023-06-13T17:42:39Z
Topicstorm,Cost Accountant,Promissão,interview,2023-06-23T00:43:26Z
Ainyx,VP Quality Control,Liufu,interview,2023-06-10T20:31:54Z
Aimbu,Account Coordinator,Birmingham,declined,2022-12-18T17:59:38Z
Oyoba,Marketing Assistant,Pengdian,declined,2023-07-27T22:57:09Z
Skibox,Associate Professor,Shalakusha,pending,2023-03-16T00:38:59Z
Yodo,Office Assistant IV,Xingxi,declined,2023-10-28T10:41:06Z
Topicware,VP Product Management,Bystrzyca,pending,2023-09-22T22:53:39Z
Gabspot,Database Administrator I,Boavista,declined,2023-05-19T21:22:30Z
Meevee,Chemical Engineer,Circasia,declined,2023-10-30T22:44:36Z
Talane,General Manager,Chaodi,declined,2023-01-13T05:24:47Z
Shuffletag,Cost Accountant,Coruripe,pending,2023-08-15T11:24:38Z
Devshare,Research Assistant I,Nilópolis,declined,2023-10-09T16:01:12Z
Midel,Structural Engineer,Laborde,interview,2023-08-12T23:54:50Z
Topiclounge,Senior Financial Analyst,Emiliano Zapata,interview,2023-08-02T04:15:12Z
Yambee,Senior Financial Analyst,Wololele A,pending,2022-12-21T21:12:39Z
Zava,Graphic Designer,Xiapu,interview,2023-10-19T09:09:00Z
Yodoo,Dental Hygienist,Laojunmiao,declined,2022-12-31T05:57:45Z
Edgetag,Quality Engineer,Agogo,interview,2023-01-03T10:47:57Z
Eimbee,Marketing Assistant,Pangkungparuk,pending,2023-03-05T09:00:56Z
Yodel,Senior Cost Accountant,Turmi,declined,2023-08-09T20:32:24Z
Divape,Electrical Engineer,Sampaio,interview,2023-02-22T10:31:22Z
Eadel,Nuclear Power Engineer,Pasarkolot,pending,2023-05-27T12:55:00Z
Innotype,Administrative Officer,Dinggou,declined,2023-06-26T22:53:55Z
Browsetype,Financial Analyst,Seydi,declined,2023-08-17T06:24:53Z
Quamba,Geological Engineer,Susapaya,pending,2023-03-20T16:46:28Z
Skinder,General Manager,Zhengyangshan,declined,2023-05-15T09:41:23Z
Twimm,Administrative Officer,Beiwa,pending,2023-01-09T03:20:48Z
Youbridge,Tax Accountant,Dubrovnik,declined,2023-01-10T19:44:41Z
Skipfire,Human Resources Assistant III,Sơn Tịnh,interview,2023-06-16T07:48:17Z
Skajo,Recruiter,Delft,declined,2022-11-20T20:35:16Z
Gabspot,Financial Advisor,Anchorage,declined,2023-08-04T18:31:53Z
Babbleset,Executive Secretary,Alcanhões,interview,2023-06-16T06:19:18Z
Zoomdog,Dental Hygienist,Banī Khaddāsh,declined,2022-12-30T03:47:14Z
Wikizz,Director of Sales,Candelaria,interview,2023-05-08T13:04:42Z
Skalith,Biostatistician II,Dolno Palčište,interview,2023-02-27T11:48:07Z
Voonix,General Manager,Moñitos,interview,2023-02-11T17:26:08Z
Vimbo,Sales Associate,Mokotów,interview,2023-11-03T14:48:06Z
